{
  "action_bias": {
    "allow": 2.0,
    "challenge": -0.9718,
    "restrict": -1.1948,
    "terminate": -1.6258
  },
  "feature_weights": {
    "resource_novelty": 1.2,
    "route_novelty": 1.2,
    "device_mismatch": -0.52,
    "screen_mismatch": -0.16,
    "timezone_mismatch": -0.24,
    "unusual_hour": -0.18,
    "typing_speed_delta": 0.011172,
    "key_hold_delta": 0.023102,
    "key_flight_delta": -0.043541,
    "mouse_velocity_delta": 0.241493,
    "mouse_curve_delta": -0.079031,
    "scroll_delta": -0.11,
    "click_delta": 0.315423,
    "privilege_escalation_attempts": -0.48,
    "api_calls": 0.24928,
    "data_volume_read": -0.1,
    "data_volume_written": -0.12,
    "privilege_score": 1.2,
    "ip_blacklisted": -0.35536,
    "ip_new": -0.18,
    "admin_role": -0.08
  },
  "learning_rate": 0.04,
  "reward_history": [
    -0.99,
    -0.99,
    -0.99,
    -0.99,
    -0.99,
    -0.99,
    -0.99,
    -0.99,
    -0.99,
    -0.84,
    -0.98,
    -0.74,
    -0.92,
    -0.66,
    -0.9,
    -0.6,
    -0.78,
    -0.76,
    -0.66,
    -0.72,
    -0.82,
    -0.66,
    -0.74,
    -0.6,
    -0.68,
    -0.76,
    -0.62,
    -0.7,
    -0.6,
    0.32,
    0.38,
    0.22,
    0.18,
    0.16,
    0.08,
    0.0,
    0.1,
    0.24,
    0.3,
    0.36,
    0.36,
    0.44,
    0.32,
    0.42,
    0.46,
    0.52,
    0.58,
    0.66,
    0.74,
    0.76,
    0.68,
    0.9,
    0.9,
    0.9,
    0.9,
    0.9,
    0.9,
    0.9,
    0.9,
    0.9,
    0.9,
    0.9,
    0.9,
    0.9,
    0.9,
    0.9,
    0.9,
    0.9,
    0.9,
    0.9,
    0.9,
    0.9,
    0.9,
    0.9,
    0.9,
    0.9,
    0.9,
    0.9,
    0.9,
    0.9,
    0.9,
    0.9,
    0.9,
    0.9,
    0.9,
    0.9,
    0.9,
    0.9,
    0.9,
    0.9,
    0.9,
    0.9,
    0.9,
    0.9,
    0.9,
    0.9,
    0.9,
    0.9,
    0.9,
    0.9,
    0.9,
    0.9,
    0.9,
    0.9,
    0.9,
    0.9,
    0.9,
    0.9,
    0.9,
    0.9,
    0.9,
    0.9,
    0.9,
    0.9,
    0.9,
    0.9,
    0.9,
    0.9,
    0.9,
    0.9,
    0.9,
    0.9,
    0.9,
    0.9,
    0.9,
    0.9,
    0.9,
    0.9,
    0.9,
    0.9,
    0.9,
    0.9,
    0.9,
    0.9,
    0.9,
    0.9,
    0.9,
    0.9,
    0.9,
    0.9,
    0.9,
    0.9,
    0.9,
    0.9,
    0.9,
    0.9,
    0.9,
    0.9,
    0.9,
    0.9,
    0.9,
    0.9,
    0.9,
    0.9,
    0.9,
    0.9,
    0.9,
    0.9,
    0.9,
    0.9,
    0.9,
    0.9,
    0.9,
    0.9,
    0.9
  ],
  "steps": 165
}